obs,Y,X1,X2,X3,X4,X5,X6,X7,Z
1,7.53469,0.41571,0.53081,0.22240,1.15926,2.45776,0.94386,1.87144,0
2,19.61193,0.52936,0.93396,1.12106,1.33501,0.30969,0.51910,0.24181,0
3,12.66405,0.48498,0.72110,0.46290,1.03341,0.94928,0.36641,0.35024,0
4,15.60029,0.82755,1.04571,0.96990,0.90451,0.91079,0.42998,1.00079,0
5,18.60650,0.51904,0.78024,0.61422,0.37297,0.50381,0.35755,0.59062,0
6,18.52589,0.40095,0.86399,0.55018,0.90110,1.29076,0.79904,1.50970,0
7,19.78770,0.99766,1.00473,2.05069,0.61459,0.37106,0.41891,0.37715,0
8,35.67277,2.96524,1.97121,3.41940,1.26899,1.10404,0.93194,0.70711,1
9,22.31346,0.53389,0.52356,0.44951,1.55013,0.40240,1.25351,1.94548,0
10,0.35266,0.08752,0.37762,0.14223,0.35476,2.42873,1.81109,0.12023,0
11,18.73697,0.39986,0.47666,0.18370,0.38206,0.27860,0.27048,0.57308,0
12,21.49724,0.33734,0.68295,0.50468,1.34017,0.22417,0.62934,0.53226,0
13,35.50091,1.09469,0.63145,0.77258,0.53409,0.68273,0.33397,2.29897,1
14,20.08216,0.55419,0.76116,0.95187,0.31470,1.26813,2.36664,1.61904,0
15,15.86082,0.35756,0.89749,0.62033,0.80378,0.93072,0.92265,0.39066,0
16,8.00840,0.08951,0.33699,0.20046,1.36060,0.45441,0.28263,0.08053,0
17,21.49137,0.75814,1.00470,0.68741,1.09587,0.53523,0.87728,0.75933,0
18,12.26590,0.41276,0.82406,0.22177,0.32939,2.01227,2.03807,1.19425,0
19,43.92268,2.03662,1.54491,1.97674,0.47307,0.65116,0.84383,3.17257,1
20,16.57724,0.48016,0.79035,0.75682,0.77143,1.32434,2.49859,2.68557,0
21,13.39122,0.40281,0.51083,0.75657,1.38926,0.93123,0.78270,0.38022,0
22,34.88292,1.27599,1.24955,1.41593,2.22964,0.96315,1.49556,1.97005,1
23,43.92272,3.56918,1.92994,4.36003,1.93287,1.19343,0.56552,2.58629,1
24,42.27096,2.90315,1.59609,1.97531,1.19118,0.69948,1.19685,0.74588,1
25,41.59322,2.55906,1.09161,2.40767,1.35297,0.95639,1.43590,4.88554,1
26,18.51886,1.07649,1.80953,1.46172,0.97421,3.48754,2.24677,0.39904,1
27,4.96199,0.91802,1.02712,1.42222,0.72209,4.70453,1.95194,0.20411,0
28,23.03817,1.07950,0.85047,0.90911,1.36734,1.23705,0.49629,0.09246,1
29,19.68415,0.52006,0.66022,0.71791,0.89324,0.50576,0.43889,0.88083,0
30,10.87030,0.87097,0.81952,0.48027,1.13155,1.53671,2.33503,0.30695,0
31,9.83668,0.14963,0.68739,0.43162,3.22856,0.46520,0.86239,0.18232,0
32,11.81850,0.97458,1.04443,2.77686,0.57635,3.34702,3.49791,0.87643,0
33,33.73387,1.08959,0.98097,1.73943,0.75810,0.37662,0.44883,1.09699,1
34,24.52967,1.08776,1.30449,0.93239,1.20723,2.93978,2.36120,1.12891,1
35,52.13214,3.51301,1.13316,1.83524,0.92923,0.18893,0.41082,4.46490,1
36,33.50203,1.45019,1.19082,1.00914,0.47566,0.73456,0.84736,0.97045,1
37,42.92906,1.11799,1.08813,1.65285,0.74922,0.24831,0.17208,1.94418,1
38,32.00500,1.79270,1.36374,2.60624,1.83261,1.68954,0.89793,0.97223,1
39,34.50433,3.18583,1.82817,3.31730,4.30645,0.97803,0.60414,0.92197,1
40,21.78851,0.45909,0.89816,0.83435,1.23588,0.60237,1.11324,1.67738,0
41,42.03445,1.13778,1.26227,1.48071,0.41081,0.20065,0.72571,2.70627,1
42,5.56018,0.34223,0.52596,0.18675,0.66053,2.53857,1.80253,0.18805,0
43,12.82730,0.35203,0.42838,0.35207,1.19317,0.20837,0.41647,0.05362,0
44,12.29744,0.29962,0.49384,0.40730,0.56273,1.25104,1.92758,0.95762,0
45,11.96149,0.69684,0.76647,0.74474,0.97247,0.61529,0.72073,0.57477,0
46,41.25544,3.79151,2.25091,3.61175,0.92078,1.87509,1.78458,3.78474,1
47,41.83387,1.88079,1.24809,2.03075,0.96723,0.83526,0.97527,1.22248,1
48,18.61087,0.97112,1.07882,1.01116,2.26491,2.57442,2.02208,3.80222,0
49,20.51178,0.62982,0.72170,1.34753,1.21222,0.38299,1.24481,1.05456,0
50,28.76956,1.31462,1.43244,1.32039,0.84184,1.83879,1.35800,1.97571,1
51,15.85297,0.52908,0.84650,0.85302,1.47950,0.27378,0.27876,0.46333,0
52,16.98837,0.87913,0.92265,0.55575,1.05480,0.55533,1.20747,0.13881,0
53,19.46972,0.77309,1.18032,1.14303,1.96279,1.30200,1.69665,2.52734,0
54,27.96799,1.18395,1.39502,2.47013,0.98303,0.25120,2.32276,0.08601,1
55,40.30740,3.91916,2.06288,3.43276,1.20312,1.00182,3.99179,0.77622,1
56,32.45775,1.62252,1.48536,2.82533,0.72439,2.36785,1.37846,1.18263,1
57,39.41602,1.85941,1.39399,2.25647,1.01567,1.09052,1.11717,2.30351,1
58,32.48979,1.82411,0.76787,0.90815,0.59579,1.28348,0.36155,1.47947,1
59,15.91184,0.19714,0.43102,0.15700,0.36622,0.42622,0.34304,0.39750,0
60,17.46633,0.68806,1.48849,1.48158,0.87965,2.68512,1.63959,1.20529,0
61,7.23856,0.27207,0.49050,0.29199,2.15807,1.29362,0.26080,0.09221,0
62,25.16094,1.17049,0.98949,0.76289,0.96869,1.49882,1.81228,0.29708,1
63,28.29842,1.91545,0.75878,1.16382,1.01184,0.98386,1.22467,0.45831,1
64,26.97720,1.28454,1.38072,1.97784,0.67611,1.71945,4.59692,0.65453,1
65,31.40148,2.82932,1.56838,3.09179,2.24152,3.49043,2.06722,1.36816,1
66,20.35435,1.47820,1.43914,1.59257,0.87853,2.62749,2.19804,0.23920,1
67,12.51605,0.62420,0.70312,0.80127,1.80730,2.41623,1.19802,1.18882,0
68,9.68922,0.46310,0.89887,0.46686,2.45901,0.52139,0.28210,0.23978,0
69,43.71156,3.26280,1.70042,2.32986,0.92480,0.49683,0.49126,1.35817,1
70,24.63382,1.21466,2.46694,2.35722,2.41903,2.54503,1.82527,1.17205,1
71,42.68520,1.57681,1.23566,2.16295,0.88148,0.13395,0.55465,1.98368,1
72,16.61997,0.62773,0.98261,0.98433,1.47514,0.51823,0.25306,0.30175,0
73,14.62940,0.46275,0.76341,0.79163,0.33653,2.18357,1.90832,1.94985,0
74,5.64394,0.26141,1.16305,0.79910,0.45746,2.40318,1.17780,1.03208,0
75,17.48180,0.26738,0.39792,0.20311,1.10465,0.59937,1.51114,1.19869,0
76,23.01628,0.98152,1.11151,1.04231,0.98455,1.15034,0.74210,1.29839,0
77,31.68425,1.90247,1.14295,1.58930,1.19230,1.33685,2.07896,1.95634,1
78,19.51023,0.98644,1.15553,0.97347,2.79196,0.40764,0.54140,0.53394,0
79,13.81416,0.54645,0.53991,0.60847,0.25940,0.94323,0.85570,0.44959,0
80,29.40832,1.11413,1.18273,1.36764,1.88832,0.32506,0.91942,0.83188,1
81,31.55169,1.63282,1.31312,1.44840,0.37986,2.88438,0.76894,1.17217,1
82,40.14532,1.48498,1.08134,0.74592,0.23517,0.48215,0.46417,2.08970,1
83,16.27668,0.22068,0.31809,0.13543,0.37794,0.23556,0.29783,0.61529,0
84,21.13427,1.32415,1.05623,0.70448,0.89326,4.71602,3.27014,2.10755,1
85,20.16349,0.90106,0.85170,0.62873,1.21936,0.33252,0.33307,0.56210,0
86,32.90910,3.54880,1.73851,2.48673,0.27022,2.87748,1.11437,1.09547,1
87,17.36498,0.34258,0.66101,0.24723,1.32431,0.23663,0.25412,0.62062,0
88,11.53709,0.61866,0.72364,0.30275,0.71578,3.07761,2.82859,0.65561,0
89,21.40409,0.33817,0.71703,0.26970,1.21319,0.25230,1.14070,1.01689,0
90,6.17305,0.25617,0.54210,0.48950,0.48664,0.80221,1.01468,0.44384,0
91,38.99186,2.59571,2.09318,2.95396,1.35777,0.57492,0.62418,1.13998,1
92,36.56693,2.40580,1.37838,2.03575,1.65359,0.90274,0.63885,4.79958,1
93,26.76763,1.18257,0.92375,0.98323,1.23602,2.22826,1.09871,0.55077,1
94,15.08994,0.59122,0.73370,0.73499,1.11606,0.73601,2.28039,2.33480,0
95,13.20520,0.20738,0.55102,0.42066,0.69786,1.01711,1.09239,1.62966,0
96,31.21379,1.78693,1.51872,2.75566,0.74120,2.54818,0.85816,1.51505,1
97,14.56807,0.90580,0.93383,0.48392,1.77812,0.71980,1.43824,0.38731,0
98,10.98569,0.27674,0.50457,0.32035,0.49257,1.66738,0.94727,0.24818,0
99,24.92734,1.40435,0.71707,1.38334,2.11027,1.69738,2.80249,0.40562,1
100,35.71632,1.56555,1.29485,1.08513,1.17433,0.66616,0.56366,1.43103,1
101,38.83570,4.60613,2.30090,2.35140,1.38808,3.09774,1.36366,3.16789,1
102,34.92560,1.48876,1.98690,3.14822,2.07651,1.49091,0.81205,2.79078,1
103,13.13466,0.12016,0.32009,0.07280,0.67094,0.25646,0.80675,0.34384,0
104,24.16059,0.95428,1.24615,0.66042,0.61806,0.51400,1.64403,1.20355,0
105,30.61561,1.11253,1.03978,1.47315,3.27720,1.75499,2.92932,1.93049,1
106,25.07708,0.05665,0.24311,0.03755,0.39975,0.15896,0.29819,1.53289,0
107,11.08956,0.43057,0.70954,0.46632,1.00135,3.70800,1.86050,0.81624,0
108,24.66335,1.29854,0.84307,0.46871,2.62987,1.72450,0.67912,0.14166,1
109,13.35494,0.32924,0.72964,0.44524,0.38176,0.56922,0.85968,0.48195,0
110,41.82366,2.93513,1.48372,1.47302,1.80960,1.08737,2.30270,3.97761,1
111,10.96856,0.50072,0.48236,0.61278,0.40524,0.58053,0.48381,0.12588,0
112,29.71790,2.44777,1.26248,1.78989,0.85069,3.78994,2.21738,2.56892,1
113,35.90109,1.10779,0.66990,0.89052,0.86067,0.33628,0.40709,0.49007,1
114,10.66805,0.53554,0.51323,0.40266,0.61641,1.28298,1.80451,0.52112,0
115,17.86221,0.37726,0.56375,0.53980,1.18088,1.17345,2.64037,1.44272,0
116,38.08790,2.18421,1.46867,1.53502,1.41203,0.18209,0.13291,0.73450,1
117,12.84252,0.23234,0.56384,0.26828,1.25756,0.45593,0.24326,0.23341,0
118,17.51383,0.85951,1.66390,1.42953,0.98785,1.10756,0.65889,0.76339,0
119,33.80765,2.37842,1.66803,2.01123,2.30546,1.31990,0.93831,1.22499,1
120,20.32728,0.83313,0.90149,0.68676,0.85118,1.46390,1.54775,2.31910,0
121,9.95997,0.47367,1.29968,0.90284,1.40996,3.29514,1.15416,0.28681,0
122,12.71616,0.14748,0.47199,0.11945,0.50152,1.17044,1.41834,1.11745,0
123,35.25487,1.95596,1.91541,3.32130,0.54004,1.46910,2.07406,1.24843,1
124,20.85900,0.42600,0.48181,0.38711,0.51292,0.40918,1.05841,0.68380,0
125,17.41032,0.44215,0.64332,0.30086,0.81288,0.42630,0.24516,0.13990,0
126,20.38898,1.50188,1.53253,1.25849,0.68939,2.88595,1.80649,0.29009,1
127,24.67909,2.54735,1.82474,2.07217,4.20124,3.98869,2.49645,1.43113,1
128,27.90189,1.51136,1.27314,1.50510,1.01500,2.88790,2.21228,0.96715,1
129,36.14089,2.75071,1.41429,1.29031,1.19408,1.10695,2.09703,1.03331,1
130,21.54897,0.27819,0.59608,0.31014,0.67008,0.29665,0.51184,2.67061,0
131,13.17605,0.93963,1.02097,0.80423,1.88579,4.31150,1.56470,2.12956,0
132,18.79707,0.38613,0.55013,0.69427,3.42071,0.04952,0.07798,0.37383,0
133,23.54752,1.42898,0.60795,0.66323,1.63578,2.16946,2.60525,0.41301,1
134,13.15988,0.25818,0.47955,0.28334,0.82319,0.31858,0.62410,0.34553,0
135,15.97861,0.16502,0.40176,0.12074,0.23382,1.57519,2.08621,1.59812,0
136,21.78379,0.79971,0.89662,0.75267,1.42820,0.91321,0.71653,1.83132,0
137,18.71966,0.63408,0.72441,0.47941,0.46262,0.44982,1.62691,0.69544,0
138,47.43232,3.20767,1.38727,1.69138,1.53572,0.26468,0.73550,2.47319,1
139,16.09231,0.16570,0.49330,0.25185,0.89991,0.70929,0.52959,0.48383,0
140,41.72997,2.44982,1.56191,2.08915,0.59521,0.63261,0.28670,1.54089,1
141,16.11971,0.55870,0.48777,0.37400,1.15945,0.82518,0.61295,0.27645,0
142,26.40833,0.70303,0.99814,0.88376,2.07960,1.06513,2.26953,3.59576,0
143,35.19944,2.91746,2.12164,4.56481,0.71243,2.64505,2.68206,1.89525,1
144,28.18958,1.31652,1.22142,1.13942,1.36326,0.75823,1.08940,0.48043,1
145,12.60375,0.38604,0.72458,0.61881,1.46648,2.10194,0.67124,1.41673,0
146,17.90307,0.30578,0.49700,0.27985,0.37001,1.01073,0.61057,1.32856,0
147,12.18628,0.24708,0.47596,0.15991,0.80070,1.67465,2.81918,1.03989,0
148,14.42143,0.84593,0.88847,0.49078,2.18404,2.57703,1.69814,0.72612,0
149,13.23113,0.19938,0.46503,0.11743,0.57659,0.65946,0.73555,0.46455,0
150,34.79282,1.45183,0.90778,1.19811,2.87917,0.81009,0.61877,0.79204,1
151,16.29100,0.35188,0.58092,0.32752,0.87337,0.59825,1.03375,0.67710,0
152,22.24753,0.40732,0.92093,0.69882,0.60847,1.08674,0.90706,4.54242,0
153,19.92656,0.79339,1.07954,1.20498,4.37831,0.14111,0.25908,0.92036,0
154,19.46144,0.26914,0.52285,0.25849,0.47502,0.04996,0.29609,0.14887,0
155,16.20153,0.56285,1.05705,0.40949,0.27792,2.08486,0.89641,1.23605,0
156,28.64267,1.16208,0.87449,0.57397,0.53197,1.13636,2.03651,0.77280,1
157,41.19545,3.54518,1.31528,4.09002,1.87996,0.61810,0.32850,1.32851,1
158,20.61447,0.25238,0.41717,0.20409,1.22278,0.11937,0.37262,0.69518,0
159,24.55200,0.55597,1.24207,0.74987,0.80514,0.62002,1.71012,2.93518,0
160,19.76308,0.38030,0.52822,0.42174,0.39809,0.43621,1.01538,1.55872,0
161,12.68603,0.23370,0.47640,0.24662,0.18062,0.66760,0.61038,0.20913,0
162,11.39385,0.08456,0.33948,0.16453,0.46133,2.47167,2.46223,0.43833,0
163,8.21651,0.19686,0.33471,0.17065,1.44376,1.08759,0.78322,0.31533,0
164,22.01041,0.56949,0.62243,0.55712,0.86786,0.21284,0.54040,0.77973,0
165,16.51759,0.14776,0.52510,0.16870,0.36837,0.52916,0.62102,0.53906,0
166,18.42708,0.95687,1.27079,2.06866,2.26459,0.52415,0.96644,1.05163,0
167,22.27298,0.75574,0.85323,0.78059,4.01083,0.14086,0.42780,1.06340,0
168,17.97087,0.33232,0.64037,0.64340,0.53479,0.99279,2.42980,1.19589,0
169,28.69773,1.14792,1.54931,1.55694,1.38462,1.86039,1.54691,0.67049,1
170,29.62385,1.73011,1.24003,0.84650,2.25700,0.28070,0.19187,0.40243,1
171,11.41049,0.37930,0.48087,0.19600,1.57726,0.68843,0.85388,0.20528,0
172,19.86195,0.62200,1.31863,0.86511,3.80019,0.25052,0.38553,0.57708,0
173,41.08560,2.50638,2.29029,4.43793,2.97116,1.02967,1.37288,2.40273,1
174,18.92776,0.18232,0.50108,0.29886,0.42153,0.54573,0.36275,0.70714,0
175,42.90622,2.81325,1.30996,2.56634,2.07032,0.45394,0.51669,1.19350,1
176,12.36731,0.18857,0.28513,0.18338,2.24388,0.41104,0.41020,0.29700,0
177,17.38859,0.58941,0.78167,0.70504,0.93410,1.17862,1.42831,1.24217,0
178,33.64345,1.47097,1.00855,1.17233,0.70197,0.77772,1.44608,0.89640,1
179,30.89823,1.35288,1.03047,1.61983,0.63434,1.01993,0.93036,0.51768,1
180,13.42934,0.69634,1.30775,1.71118,1.52032,1.89720,1.39915,0.88652,0
181,22.50944,1.10286,0.78801,0.70952,1.62998,1.21586,1.56132,0.43874,1
182,11.62271,0.52361,0.91082,0.62669,0.86717,2.23820,0.85319,1.08917,0
183,14.24367,0.48798,0.97632,0.32747,0.33338,1.31419,0.72653,0.45046,0
184,38.84029,1.71814,1.31419,2.30026,0.98273,0.87416,1.81056,3.36183,1
185,18.82266,0.92410,1.16742,1.48361,0.75772,0.89275,0.41134,0.34438,0
186,41.57326,2.11403,1.34956,1.62323,0.63542,0.97606,1.93236,2.28032,1
187,16.66318,0.13299,0.53198,0.14318,1.03844,0.68559,0.57759,1.95603,0
188,20.82017,1.12079,1.36959,2.28090,0.73954,3.34024,1.93100,0.39947,1
189,42.17245,1.79607,1.17831,2.19568,0.96120,0.50348,0.67596,1.62826,1
190,19.04225,0.45062,0.50240,0.38111,0.42756,0.92148,0.95593,2.00728,0
191,22.81500,0.86802,0.93410,0.51642,1.16240,0.42979,0.52711,1.52617,0
192,20.78004,0.44325,0.56214,0.74146,0.80401,0.31789,1.32393,1.28104,0
193,13.88862,0.58779,0.97187,0.73088,0.66720,3.40590,1.09739,0.73226,0
194,30.33640,1.86626,1.47328,2.38623,1.46229,2.51035,1.97281,3.48511,1
195,31.08321,1.62457,1.14554,3.73899,4.12084,0.70073,0.51860,1.99736,1
196,29.25210,1.24047,0.92635,1.26015,0.27686,1.48183,1.29181,0.76416,1
197,11.30658,0.35078,0.42723,0.18803,0.74560,1.30184,0.66977,0.29286,0
198,28.41409,1.51595,1.33036,1.32941,1.19487,0.60454,0.68499,0.24543,1
199,15.01672,0.39034,0.78001,0.72555,0.82280,1.41056,1.01322,1.17471,0
200,40.03783,3.81053,1.43121,3.52622,4.65224,0.09114,0.08005,1.52457,1
201,10.98057,0.38760,0.74078,0.51594,0.51594,2.90153,2.54112,2.60034,0
202,29.42515,2.67816,1.98084,2.14301,2.13741,2.67023,1.21513,0.68250,1
203,23.70129,1.26507,0.91893,1.00284,1.12829,1.21860,0.60782,0.41231,1
204,13.24096,0.57997,0.71098,0.42878,0.61636,0.44786,1.25996,0.39963,0
205,26.12858,0.57801,0.83401,0.60148,0.56739,0.78656,1.90930,2.16572,0
206,7.70814,0.31853,0.73917,0.41900,0.53833,1.95590,0.92155,0.21385,0
207,27.33603,2.25559,1.46095,1.34442,0.90549,0.46500,0.67733,0.36080,1
208,33.98090,1.52184,0.81042,0.71200,1.35016,0.91413,0.56158,1.03426,1
209,39.03290,1.42025,1.06978,2.06644,1.06554,0.30894,0.33118,0.99879,1
210,27.34120,1.56332,0.66801,1.22209,1.73939,0.55971,0.72586,0.23892,1
211,26.35918,2.53971,1.34704,1.03746,2.33966,3.76705,2.74879,0.76614,1
212,15.09157,0.61200,0.74618,0.50467,1.02191,0.67982,0.41902,0.20206,0
213,10.61205,0.82743,0.85599,0.62819,4.22273,0.85775,0.74939,0.66943,0
214,13.03104,0.45395,0.56939,0.36339,0.45677,0.80876,1.29009,1.14119,0
215,12.31832,0.30326,0.57173,0.25043,1.15887,0.53226,0.38591,0.40275,0
216,43.51625,1.61465,1.34158,2.36004,0.95575,0.17488,0.82855,4.33885,1
217,17.22713,0.12283,0.35421,0.11381,0.69569,0.59476,0.72074,0.90776,0
218,27.41233,1.14096,1.52326,1.94515,2.47616,0.64452,0.34110,0.44132,1
219,13.82165,0.28933,0.60250,0.32325,0.45357,0.59581,1.77443,0.46278,0
220,10.76850,0.31521,0.69457,0.44143,0.34616,2.04574,4.80478,1.47742,0
221,18.76179,0.65897,0.86702,0.78681,1.96198,1.27175,1.05813,1.33146,0
222,8.70389,0.19859,0.31750,0.37835,0.66780,1.56752,1.54646,0.54162,0
223,31.88199,1.44973,0.88298,0.91415,0.62117,1.95654,2.66036,2.65768,1
224,29.99056,1.31849,1.31796,3.62999,3.10842,1.78469,0.91902,3.49590,1
225,32.76760,1.19050,0.97932,1.03812,1.66659,0.14561,0.37993,0.92931,1
226,24.45766,1.30556,1.24785,1.75887,0.63430,3.32602,1.03267,1.26054,1
227,39.73896,1.24841,1.37676,2.85516,1.22936,0.44589,0.27063,1.66057,1
228,37.00206,1.82219,1.51543,1.77090,2.71924,1.14311,0.72089,3.10116,1
229,21.77220,0.56845,0.92162,0.75333,2.93926,0.30573,0.25429,0.84146,0
230,34.33064,3.38497,1.64966,2.85987,2.70757,0.15042,1.10232,0.39302,1
231,4.94409,0.14003,0.34497,0.05852,0.12426,3.56573,0.67343,0.25858,0
232,13.41925,0.58105,0.75015,0.38324,0.49569,0.80850,0.27901,0.18746,0
233,7.71206,0.77519,1.03754,0.51119,1.48103,1.61575,2.93810,0.09469,0
234,30.57134,2.38443,1.21319,2.45926,0.92611,3.00488,2.35327,0.63935,1
235,18.20094,0.46125,0.59667,0.55779,0.58330,1.05479,0.53889,0.25748,0
236,21.06093,0.80537,0.75280,0.72463,2.34341,0.51278,0.71058,1.05682,0
237,26.85687,1.01395,1.21083,1.22379,1.41003,2.62431,0.89082,1.62767,1
238,9.22591,0.19494,0.30837,0.16027,0.56303,2.02889,1.63485,0.47408,0
239,45.42239,3.48749,2.21922,3.52882,3.31979,0.25442,0.43509,1.71994,1
240,35.16614,2.57837,1.36173,1.95757,0.76969,2.52089,2.41065,4.38157,1
241,13.76230,0.40194,0.71418,0.94792,0.33205,1.26477,0.41226,0.62334,0
242,12.25326,0.45282,0.60070,0.41059,0.82319,1.33345,0.62675,2.37738,0
243,16.62811,0.84677,0.72744,0.67402,1.02526,1.18147,0.41323,0.95157,0
244,6.62779,0.23491,0.64600,0.28271,0.68904,3.58901,2.48156,0.90412,0
245,23.67413,0.79256,0.99512,1.06498,1.76434,0.59382,0.80724,2.75686,0
246,14.43546,0.34723,0.61930,0.62881,0.41403,2.14176,2.53561,4.19262,0
247,17.23512,0.45838,1.28912,0.95562,0.69507,2.92852,1.60473,3.35953,0
248,29.63820,1.22199,1.04145,1.24810,0.27494,3.18857,3.21868,4.37241,1
249,12.38021,0.53584,0.89158,0.64522,3.01688,0.85987,1.33183,0.28220,0
250,40.22737,1.62636,0.99729,1.89130,0.37401,0.31344,0.47628,1.24172,1
251,29.44157,2.23997,1.21910,1.23339,0.55201,1.44957,2.09061,0.60237,1
252,18.18072,0.20501,0.50785,0.23718,0.76556,0.60759,0.46613,1.07889,0
253,31.71835,2.86963,1.34255,1.44262,1.59296,2.32684,3.92210,0.93931,1
254,45.52810,2.22547,1.56662,1.47504,1.30830,0.69229,1.11091,2.62167,1
255,17.16586,1.04928,0.80559,1.35245,1.61417,2.38281,1.61624,0.16077,1
256,42.04980,1.12991,1.89264,1.26950,1.22778,0.17697,0.69806,2.20127,1
257,14.98647,0.44015,0.75389,0.49544,0.44582,2.85576,1.02355,1.03039,0
258,40.59584,2.49932,1.48815,2.62254,2.53988,1.53849,1.00327,4.69772,1
259,37.92404,1.15080,0.95176,0.90444,0.82181,0.37412,0.72990,1.17055,1
260,28.95324,1.07183,0.99924,1.60594,3.01161,0.35451,0.45833,0.52430,1
261,20.57433,0.42372,0.62602,0.17829,0.59055,0.06325,0.19371,0.46517,0
262,32.34552,1.29109,1.07703,1.18181,0.63882,1.27805,1.16856,0.94260,1
263,12.83642,0.31427,0.67108,0.70305,0.67298,0.90322,1.39540,0.33244,0
264,24.97184,1.07468,0.96930,0.88929,0.98631,1.53774,0.86610,0.09506,1
265,18.88360,0.19146,0.39627,0.18218,0.52720,0.15549,0.17844,0.68630,0
266,22.23971,0.68853,0.87469,1.12662,1.13944,2.40910,1.46079,1.48886,0
267,3.93966,0.14486,0.40554,0.16223,0.78314,1.10903,1.47206,0.21723,0
268,17.16554,0.55239,0.60819,0.46738,1.67242,0.47300,0.53049,0.76636,0
269,12.40699,0.38745,0.59909,0.72816,1.42376,0.36542,0.45960,0.20339,0
270,33.18627,1.17198,0.92290,1.07886,1.22257,0.73521,0.62813,0.88811,1
271,9.70338,0.26028,0.48296,0.22257,2.68239,0.16151,0.23327,0.14136,0
272,30.86907,3.80538,1.53767,2.50293,2.14855,1.47138,1.78281,0.35493,1
273,7.69413,0.34953,0.80718,0.90241,0.54365,3.39522,3.30823,0.51441,0
274,15.21540,0.55376,1.09460,1.09109,1.61197,2.69271,2.64219,1.89485,0
275,31.46588,3.94784,1.61247,1.71215,1.18190,1.03888,0.47316,0.27302,1
276,32.35194,1.19258,1.06603,2.32599,0.92125,1.24980,1.55576,1.22970,1
277,11.46842,0.60944,0.77131,0.54352,0.28074,3.14606,1.31358,2.18164,0
278,34.75503,1.39804,1.72381,2.11743,0.48305,0.43561,0.64767,0.99164,1
279,34.13702,2.68435,0.86001,1.11622,2.46336,0.80425,2.27599,1.12496,1
280,38.46164,4.55945,1.58776,1.71004,1.58288,1.54262,1.35383,1.78602,1
281,23.21458,1.18507,1.38664,1.24345,0.68688,3.31286,1.88230,1.35778,1
282,7.98030,0.15146,0.31082,0.15063,0.69090,1.23237,0.52105,0.19322,0
283,15.23171,0.25681,0.43707,0.11513,0.58999,0.63408,0.96752,0.42606,0
284,5.05943,0.25888,0.60436,0.22672,0.95616,3.04738,1.00420,0.50301,0
285,31.14589,1.20130,1.18028,0.70692,2.53322,0.62874,1.70832,0.32089,1
286,16.11044,0.19171,0.39270,0.16129,1.08790,0.60258,1.15621,0.38868,0
287,28.49825,0.80647,1.02795,1.87901,1.29449,0.61088,0.91302,1.71241,0
288,22.04937,0.40337,0.56126,0.55409,0.60090,0.39977,0.50570,0.85950,0
289,19.08259,0.75539,0.83334,0.69261,1.16687,0.41345,0.23382,0.39983,0
290,42.27493,2.76576,1.19411,2.47907,1.70293,1.25900,1.49611,2.55412,1
291,14.73716,0.25183,0.37993,0.13306,0.97116,0.98101,0.71493,0.56599,0
292,15.62356,0.66680,0.51333,0.23276,0.09215,1.59694,1.27540,0.51439,0
293,17.30571,0.49200,0.57449,0.41269,0.47018,0.76059,1.37341,0.68284,0
294,14.38994,0.12735,0.40499,0.11952,0.38115,0.99023,1.78512,0.82142,0
295,35.16769,1.68723,1.24346,1.52772,0.60638,0.85641,0.71532,2.65260,1
296,23.25252,1.53210,1.09411,0.80947,1.48545,4.08662,2.57725,0.61393,1
297,32.31139,1.25593,1.01310,0.86171,0.64218,1.03121,0.44181,0.95175,1
298,38.92195,2.96554,1.06643,1.89745,1.09277,0.85757,0.64116,0.76875,1
299,32.09731,1.30986,1.29249,1.11023,0.59325,1.76849,0.67762,2.14347,1
300,5.66100,0.58517,0.83473,0.85976,0.69671,3.60064,2.32996,0.23038,0
301,24.03172,0.58146,0.76635,0.51101,1.59070,0.30469,0.87982,1.12041,0
302,12.77094,0.87454,1.19892,0.79762,3.31061,2.22676,2.57246,0.62128,0
303,13.25844,0.11519,0.28853,0.08445,1.04438,0.86615,0.11520,0.18023,0
304,40.19901,1.05586,0.70992,1.30552,0.48486,0.36257,1.15530,2.95063,1
305,18.17646,0.47367,1.23338,1.07873,0.96658,0.44307,0.34479,0.22739,0
306,25.31412,0.71705,0.96144,0.60653,1.46300,1.02348,0.81511,2.13571,0
307,16.02568,0.91323,0.92473,0.63359,2.42582,0.78446,0.75815,0.23608,0
308,14.15230,0.73862,0.79722,0.75622,4.62776,0.12302,0.18944,0.13805,0
309,18.16377,1.13546,1.36418,0.88320,2.15013,4.42335,0.73060,0.92462,1
310,21.32999,0.88913,0.90537,0.93547,0.97284,0.63510,0.83371,2.11084,0
311,24.72176,0.90005,1.12467,1.27828,2.11579,0.77097,0.79416,2.61405,0
312,14.93528,0.32686,0.86119,0.69503,0.61207,1.41523,1.24067,0.43048,0
313,40.11696,3.97920,2.14248,3.61854,1.86245,1.09969,0.86546,1.88892,1
314,10.28785,0.35275,0.64860,0.36620,0.27781,3.32324,1.05267,1.70811,0
315,33.12693,2.25208,1.12007,1.65433,4.11667,2.42467,0.86435,2.63885,1
316,27.85243,1.30824,1.26260,1.67070,1.04066,1.73249,1.54169,0.70642,1
317,14.23945,0.16235,0.39583,0.26549,0.45078,0.88586,1.98668,0.34180,0
318,14.64726,0.12298,0.36656,0.16162,0.76661,0.62451,1.07613,1.10797,0
319,21.77248,0.39421,0.79590,0.29099,0.31763,0.26623,0.50520,0.87601,0
320,14.05861,0.10952,0.42919,0.19712,1.06866,1.24087,1.21567,1.15015,0
321,35.93972,1.12746,0.87679,1.47223,1.31187,0.61754,0.67444,0.49492,1
322,9.51234,0.72412,1.13876,0.66134,1.32481,0.57411,0.59138,0.04269,0
323,42.22879,3.54230,1.68281,4.36043,0.76119,1.88818,0.66092,2.17132,1
324,24.13232,1.23508,1.39186,1.32803,0.79761,2.87879,1.33875,0.66635,1
325,35.77528,2.79399,2.09468,3.14091,0.87357,1.31015,1.93174,0.93154,1
326,20.72458,0.66021,1.12400,0.26497,1.92366,0.46818,1.26956,0.84804,0
327,17.19593,0.48308,0.79469,0.37491,0.91094,0.48360,0.24474,0.44390,0
328,36.82207,1.18232,1.33826,1.54061,1.16740,1.33231,1.41675,1.89521,1
329,35.33514,1.76381,1.30279,1.20800,3.20967,1.29262,1.27026,1.25048,1
330,25.99618,0.50629,1.30319,2.83065,0.55644,0.24581,0.19804,0.97215,0
331,34.84528,1.14004,1.06942,1.55689,0.97239,0.30439,0.44069,0.88008,1
332,12.65909,0.32612,0.74366,0.24388,0.78300,1.30593,1.65980,0.23813,0
333,19.07798,0.31462,0.74599,0.51584,1.70981,0.25046,0.48795,0.84731,0
334,15.99180,0.60021,0.66134,0.34477,1.34792,1.86387,2.01070,0.77114,0
335,21.06305,0.73299,0.85155,0.53152,0.66854,0.62933,0.31507,0.93250,0
336,21.00451,0.74276,1.05964,0.37832,0.57938,0.84484,1.50946,0.54928,0
337,40.53888,3.06061,2.12374,3.17464,1.98346,0.25228,0.53376,0.73485,1
338,12.69340,0.30149,0.58730,0.24123,0.48451,1.22340,0.78535,1.24332,0
339,29.10748,1.44077,0.92354,1.00512,0.84620,3.39216,2.45019,2.33122,1
340,15.26898,0.41250,0.85603,0.59073,0.40708,1.23766,0.41101,0.32121,0
341,46.53846,4.26253,1.08582,2.57790,3.25383,0.28475,0.89888,1.23281,1
342,14.32791,0.50204,0.78895,0.68535,1.46624,1.04808,1.10254,0.29317,0
343,39.92743,1.15225,1.34992,1.08497,0.21576,1.03820,1.64565,4.28276,1
344,2.95303,0.39549,0.37993,0.17519,0.32484,3.55938,2.26087,0.42461,0
345,13.48088,0.31040,0.65959,0.71190,0.52514,1.08726,0.57715,0.29027,0
346,31.85003,1.02327,1.16221,0.68569,0.87512,1.58707,0.65121,1.27743,1
347,24.46925,1.42989,1.01372,0.87970,2.07072,3.43744,1.72374,1.19987,1
348,39.46986,3.29159,1.28547,3.11502,1.06563,0.51499,0.68782,0.76769,1
349,18.64260,0.31882,0.60515,0.25119,0.58314,0.39622,0.49051,1.30443,0
350,20.57719,0.84630,0.93176,2.28038,1.28856,0.91266,0.52438,1.22009,0
351,21.80136,0.85998,1.53357,1.24641,0.63303,0.44498,0.49649,0.41608,0
352,25.65772,1.12297,1.45403,1.56420,2.76669,1.31901,0.55516,0.48157,1
353,27.09361,0.89144,1.18852,0.72043,0.42361,0.84642,1.76405,1.39797,0
354,13.56337,0.68930,0.70855,0.79667,1.00224,1.18666,0.48735,0.27123,0
355,12.04873,0.89274,1.12860,0.84687,1.08588,1.46701,2.93129,0.13475,0
356,29.69829,2.70011,1.13498,1.90996,1.67185,0.26828,0.32155,0.15701,1
357,35.14696,2.03150,1.61119,2.07509,1.53257,0.25032,0.13222,0.32000,1
358,44.74209,2.09555,1.43835,1.19298,0.37642,0.63229,0.43799,1.50313,1
359,14.14239,0.75503,1.02171,0.72466,2.22996,0.36884,0.53266,0.24673,0
360,15.21531,0.60383,1.19397,0.66608,1.76500,0.80305,0.98886,0.26944,0
361,14.79023,0.33827,0.68504,0.32443,0.34294,2.67528,2.40233,1.66562,0
362,44.91574,3.86711,1.84818,4.13419,2.62247,0.70916,0.66668,1.93495,1
363,14.82298,0.91932,0.73357,0.63282,0.78408,2.94361,2.41514,3.50658,0
364,21.99359,0.97439,1.07513,1.40657,0.52176,0.49543,0.70221,0.65227,0
365,25.07839,0.37011,0.61245,0.40611,0.78040,0.15377,0.30013,1.33421,0
366,43.29179,4.61620,1.88070,3.91330,0.70559,0.42995,0.94943,0.52018,1
367,18.42581,2.98726,1.37932,3.27846,0.63171,4.39974,1.11907,0.21051,1
368,16.02574,0.45070,0.83602,0.30570,1.40615,1.28177,1.72291,0.78119,0
369,31.73201,1.76173,1.64473,2.22492,0.79366,1.27782,1.19219,0.69765,1
370,24.43833,1.36332,1.07251,0.75503,1.07282,3.05558,2.03041,0.97024,1
371,39.44852,1.25896,1.08821,0.63300,0.85306,0.86017,2.07676,3.13400,1
372,10.47536,0.12045,0.43010,0.15558,0.17066,0.59662,0.84835,0.19003,0
373,14.61575,0.74928,1.06866,0.99780,0.98864,0.34741,0.86598,0.13199,0
374,13.94139,0.12664,0.45377,0.28541,0.83258,0.20120,0.63846,0.65047,0
375,5.84142,0.86125,0.91325,0.84750,0.52833,2.27137,1.54931,0.15663,0
376,25.15943,0.50201,0.94583,0.61096,1.78060,0.45733,0.46547,1.32014,0
377,4.80143,0.50815,0.60404,0.49628,0.82445,4.96803,4.50618,0.14825,0
378,38.27031,1.47842,1.46854,1.68861,1.22569,0.50069,0.97509,1.76115,1
379,20.64281,0.55701,0.52522,0.40249,0.93760,0.22285,0.29968,2.68282,0
380,33.80778,1.27812,0.93598,0.97817,3.24901,0.76094,1.04494,4.86459,1
381,45.82942,3.22069,1.28450,1.56258,1.16067,0.10166,0.16633,1.36860,1
382,38.08810,2.53438,1.32912,2.19265,4.12927,0.35199,1.26210,1.39749,1
383,36.41976,1.07276,0.75173,0.48434,0.51364,0.18358,0.47600,0.44811,1
384,33.24980,1.56497,1.86907,1.36909,1.33802,1.05237,1.06629,0.42688,1
385,12.61173,0.48059,0.73423,0.43725,0.87488,1.82875,0.92097,0.43474,0
386,36.52295,1.29719,0.91504,0.64002,1.28965,0.38511,0.32294,1.55244,1
387,41.67042,2.68362,2.29522,3.24342,3.52697,1.22934,0.57326,1.51811,1
388,38.49484,3.96881,1.38788,1.36743,1.54052,1.86388,1.64920,1.05054,1
389,10.15699,0.19095,0.38260,0.32550,0.39640,2.74708,3.54914,0.81149,0
390,5.79594,0.44670,0.48156,0.37385,0.37998,1.27569,1.07251,0.10442,0
391,26.67620,1.36754,1.33835,1.80340,1.63975,2.45933,1.00875,0.78243,1
392,17.01216,0.36442,0.58003,0.41250,0.82073,0.66286,0.21868,0.43592,0
393,27.62266,1.36012,0.96536,1.71386,2.07031,1.30632,0.64150,0.45809,1
394,26.73785,1.45213,1.31177,1.89930,1.85371,1.69451,1.57972,0.31743,1
395,19.49198,0.20926,0.50467,0.33024,1.82592,0.37644,0.56005,0.78739,0
396,14.02981,0.95923,0.72177,0.58845,1.46885,1.58985,2.09326,1.35847,0
397,17.76272,0.22119,0.53111,0.38545,0.61221,0.26591,0.33666,0.38566,0
398,30.97123,0.79733,1.14737,0.91432,0.67401,0.30180,0.32483,3.09209,0
399,32.86883,1.03389,0.85948,1.25946,1.50809,0.69315,2.19993,3.13111,1
400,23.22527,1.48807,1.32587,0.66587,0.36959,3.09691,1.03354,1.19599,1
401,15.36524,0.29770,0.66991,0.47176,0.85005,2.54580,1.18111,3.38816,0
402,23.65641,0.90774,1.14073,1.88783,0.61129,1.73187,3.68456,2.20876,0
403,12.06045,0.04819,0.24195,0.10629,0.36971,0.71230,1.71209,0.16925,0
404,11.56846,0.31276,0.50403,0.47094,0.88259,2.27658,1.29941,1.55556,0
405,13.73586,0.53328,0.67115,0.50168,0.88488,1.58091,0.55468,1.00325,0
406,29.44152,1.07809,0.84981,0.97362,0.94630,0.25868,0.38506,0.52024,1
407,19.76885,0.86955,1.35552,1.41303,0.63818,1.18717,2.30769,1.81378,0
408,8.35106,0.98845,1.23966,0.82784,0.95979,2.68487,3.12898,0.17426,0
409,18.65768,0.38144,0.81760,0.56293,0.94862,0.38149,0.54531,1.13547,0
410,23.22636,0.30500,0.47549,0.29856,0.44108,0.54071,0.54731,2.04487,0
411,45.63313,4.68718,1.75224,4.51553,2.15080,0.55595,0.89526,1.41009,1
412,13.00143,0.39199,0.59027,0.24213,0.99708,0.72092,0.86052,0.34063,0
413,10.16106,0.20479,0.65107,0.15352,0.52463,1.06323,0.92473,0.35095,0
414,37.20670,2.98746,1.73194,2.45926,0.46044,0.75543,0.79588,0.70855,1
415,11.61430,0.40488,0.57783,0.43401,0.14725,2.11403,1.35769,1.14491,0
416,33.22407,1.14515,1.26809,1.37416,1.37593,0.42388,0.41564,1.49552,1
417,16.87718,0.77047,0.73935,0.28726,1.09882,2.38828,4.16150,0.46956,0
418,36.76016,3.63749,1.69087,2.15626,1.96175,0.27030,0.46032,0.25972,1
419,15.64285,0.85684,0.82141,0.65011,0.93710,1.55510,1.29173,1.46449,0
420,19.21706,0.93783,1.30869,0.99051,0.74484,0.57756,0.65708,0.30412,0
421,12.89293,0.66346,0.60002,0.37087,0.23858,0.97820,0.41369,0.49833,0
422,24.56707,0.89877,0.91990,0.65126,0.97094,0.84766,1.79202,2.89437,0
423,10.20591,0.22188,0.42601,0.33967,0.60294,0.82893,1.26199,0.27802,0
424,34.60392,2.73680,1.58678,2.02940,0.73572,0.95535,0.61749,0.20994,1
425,11.14205,0.46606,0.53312,0.61544,1.94416,0.30091,0.21108,0.04860,0
426,39.25538,2.28473,1.53267,2.56255,2.27561,0.40035,0.59133,1.03987,1
427,11.58470,0.91075,0.83940,1.08713,3.40357,0.47347,0.29121,0.06006,0
428,10.27323,0.89062,0.86199,0.62557,0.65728,4.59162,3.74580,0.33135,0
429,36.09639,1.45093,1.39387,1.18299,1.13370,1.24644,1.73026,2.86273,1
430,18.63982,0.78940,1.17651,1.24008,2.09954,0.41269,0.44568,0.52301,0
431,18.79990,0.30118,0.54757,0.17539,0.44749,0.90231,0.33688,3.22502,0
432,5.54555,0.17556,0.47222,0.29608,3.01695,0.62772,1.05825,0.17847,0
433,13.76923,0.36179,0.68087,0.31631,1.51812,0.92156,0.34867,0.58231,0
434,34.39946,1.60800,1.36819,0.80460,0.63403,0.65160,1.31828,0.57949,1
435,20.39018,0.99064,0.93992,0.58717,0.44648,0.48424,0.26165,0.78704,0
436,11.80066,0.11897,0.35258,0.19575,0.26875,0.66496,1.19787,0.23143,0
437,31.22871,1.52874,1.20765,1.02979,1.37998,1.02976,0.49829,0.57718,1
438,23.33119,1.57361,1.54300,3.11475,1.70097,3.04839,1.85182,0.15604,1
439,42.91700,1.80328,1.39033,1.08352,2.10047,0.49191,0.56696,2.12905,1
440,23.79155,0.99157,0.80222,0.66656,0.50740,0.72525,1.21182,1.73091,0
441,9.89213,0.46078,0.79065,0.31716,1.21536,0.17947,0.30755,0.19146,0
442,26.29306,2.01933,1.25691,1.71180,2.38491,0.50852,0.95278,0.17063,1
443,11.45229,0.57600,0.92756,0.58864,1.35060,2.89579,1.70680,0.88245,0
444,32.87247,1.38334,1.49499,1.79573,0.82705,1.07561,0.80585,0.77576,1
445,34.17344,1.21935,1.00978,1.00626,0.98136,0.27575,0.33216,0.51159,1
446,14.44629,0.35280,0.71200,0.35087,0.60809,0.29715,0.56004,0.27019,0
447,19.39251,0.39942,1.05482,0.95989,1.54102,0.68694,0.72372,0.45472,0
448,26.37745,0.82424,0.95916,0.98591,0.65214,0.63328,0.42984,1.75899,0
449,11.67820,0.63444,0.89210,0.92217,0.89925,1.16032,0.42995,1.00300,0
450,31.59230,1.72578,1.19615,1.21182,0.92252,0.68886,3.36565,0.47390,1
451,53.01279,4.18917,1.01625,1.74912,0.15216,0.48376,0.73852,2.53402,1
452,14.15380,0.48556,0.81640,0.69750,0.44386,0.33359,0.24541,0.21999,0
453,40.18363,1.63559,1.26501,0.92117,1.27245,0.06665,0.14743,1.51099,1
454,38.55567,2.07629,1.40100,1.78070,0.72983,1.18592,1.60519,1.43705,1
455,48.96241,4.28202,1.90008,4.04445,2.16887,0.23427,1.14984,3.17253,1
456,40.97401,2.50758,1.34874,1.63419,0.82020,0.32590,2.57698,1.09588,1
457,27.90304,1.10287,1.21456,0.84424,1.59049,0.95630,2.52128,0.43847,1
458,14.61779,0.84479,0.57704,0.72544,1.05673,0.29810,0.27588,0.35035,0
459,12.02459,0.84625,1.02040,1.62977,1.25619,1.71364,1.13847,0.82700,0
460,20.54582,0.34104,0.60461,0.33948,0.35918,1.29610,0.76771,1.54530,0
461,17.93933,0.36341,0.52652,0.27310,1.11856,0.84160,0.81753,0.45068,0
462,22.01177,0.96433,0.94069,1.08261,1.29911,0.65015,0.94766,0.82305,0
463,15.02834,0.98683,1.20986,0.94971,0.36443,2.35544,4.50193,0.80433,0
464,11.57303,0.65661,0.92267,1.12617,1.02165,3.24613,2.54389,0.69105,0
465,30.58868,2.23410,1.30734,1.79488,1.50401,1.21698,0.50698,0.27859,1
466,10.90961,0.10468,0.33293,0.12144,1.00598,0.81300,0.45867,0.46402,0
467,39.98464,2.49740,1.66173,1.36856,3.80183,0.75194,0.53564,1.52712,1
468,23.92794,0.56286,0.97479,1.43359,0.43568,0.49830,0.49334,1.41813,0
469,7.92419,0.69416,0.78297,0.48710,0.77993,3.56817,2.69868,0.49515,0
470,21.37546,0.67303,1.09923,0.91927,0.60228,2.21723,3.70943,1.33939,0
471,41.75076,4.44677,1.41825,3.25795,1.39641,2.83496,1.47938,3.41171,1
472,28.55354,1.66787,1.67615,1.66890,3.55700,1.45093,1.06938,0.57487,1
473,17.03800,0.27161,0.92234,0.54076,0.93782,0.64028,1.66651,1.12754,0
474,39.82582,1.33374,1.87167,1.74384,3.21404,0.07756,0.07873,1.32629,1
475,27.30580,1.62835,0.93986,1.14670,0.53842,1.73756,0.96518,1.65162,1
476,33.67777,1.55684,0.89671,1.12406,1.04769,0.56449,1.46546,0.88828,1
477,15.98347,0.63497,0.65096,0.62617,0.31679,1.57630,1.15455,0.52022,0
478,31.82717,3.01612,1.69322,3.29714,1.78523,3.04514,1.37992,1.84797,1
479,11.43720,0.46610,0.69040,0.60415,0.42614,0.05688,0.10579,0.07287,0
480,21.27140,2.91711,1.64596,3.72255,2.18735,1.36293,2.19705,0.10548,1
481,7.26763,0.17093,0.39275,0.16997,1.57273,2.20122,2.85369,0.18795,0
482,9.09831,0.18110,0.35365,0.14402,0.87868,3.26939,3.33588,0.80849,0
483,21.78703,1.60790,1.06209,1.20719,0.74516,2.60657,1.45968,0.31170,1
484,44.29667,2.23987,1.28096,2.41683,1.81909,0.89608,1.08233,3.92591,1
485,6.80083,0.13711,0.36352,0.22567,0.28046,1.79998,1.79252,0.32245,0
486,8.83133,0.16589,0.41178,0.19022,0.86188,0.19824,0.18236,0.08874,0
487,27.33903,1.00990,1.01810,1.44732,0.75574,1.92941,0.89178,1.09737,1
488,15.69292,0.46295,0.58528,0.34200,1.04588,0.38338,0.45561,0.27751,0
489,21.74246,0.57868,0.74798,0.49575,1.89817,1.04227,0.85663,3.42582,0
490,36.75909,2.92593,1.81382,2.99052,2.52114,1.51934,0.52569,1.84107,1
491,9.34395,0.06626,0.26880,0.07255,0.94993,0.79045,0.59948,0.20346,0
492,21.04278,0.80912,0.86904,0.65980,0.85290,0.14153,0.24581,0.55689,0
493,25.35981,1.50323,1.27055,1.42869,2.98980,0.21427,0.09049,0.11941,1
494,35.96385,1.60964,1.10064,2.21750,1.69439,0.67379,0.50242,1.71766,1
495,31.20997,1.81163,1.19460,1.93572,1.92019,1.36914,0.64738,1.26934,1
496,30.82378,2.07693,1.37252,2.24951,2.86357,0.85231,0.80558,0.67148,1
497,13.52631,0.49150,0.56145,0.42257,0.76723,3.31744,0.93845,0.56710,0
498,37.84882,2.25348,1.38803,2.04205,1.62150,1.04354,0.59241,1.25825,1
499,24.26969,1.16676,0.71532,0.98328,1.05362,0.42436,1.06605,0.28658,1
500,17.35540,0.09445,0.34643,0.08450,0.07203,1.16442,0.75161,2.26949,0
